厦门市汉伟英语幼儿园,民办幼儿园,思明区教育局,厦门市思明区鼓浪屿安海路3——7号,361002,2061698
厦门市思明区联丰绿色幼儿园,民办幼儿园,思明区教育局,厦门市思明区联丰商城洪莲里65号,361005,5964339
厦门市思明区东浦星颖幼儿园,民办幼儿园,思明区教育局,厦门市思明区浦南二路14号,361004,5917285
厦门市思明区嘉裕英语幼儿园,民办幼儿园,思明区教育局,厦门市思明区曾厝安北路1号,361005,2515568
厦门市思明区曾厝安美岭幼儿园,民办幼儿园,思明区教育局,厦门市思明区曾厝安中路83号,361005,2196726
厦门市思明区星贝幼儿园,民办幼儿园,思明区教育局,厦门市思明区曾厝垵仓里社86号,361005,2082611
厦门市思明区龙虎南里幼儿园,民办幼儿园,思明区教育局,厦门市思明区曾厝安后厝38号,361009,2516551
厦门市思明区成冠幼儿园,民办幼儿园,思明区教育局,厦门市思明区蜂巢山路28号,361005,2198875
厦门市思明区长青幼儿园,民办幼儿园,思明区教育局,厦门市思明区长青路54号,361012,5039446
厦门市怡祥英语幼儿园,民办幼儿园,思明区教育局,厦门市思明区长青北里89号,361012,5124725
厦门市爱华双语幼儿园,民办幼儿园,思明区教育局,厦门市思明区松岳小区135号,361012,5146360
厦门市思明区前埔汉伟英语幼儿园,民办幼儿园,思明区教育局,厦门市思明区前埔二里192号之三,361008,5926582
厦门市大地幼儿园,民办幼儿园,思明区教育局,厦门市文屏路71号,361004,5884688
厦门市思明区汇佳幼儿园,民办幼儿园,思明区教育局,厦门思明区白鹤山路42号,361003,2058130
厦门市思明区阳光幼儿园,民办幼儿园,思明区教育局,厦门市思明区文灶汇文路59号,361002,5825173
厦门市思明区洪文幼儿园,民办幼儿园,思明区教育局,厦门市思明区洪文石村,361009,5961867
厦门市思明区何厝幼儿园,民办幼儿园,思明区教育局,厦门市思明区何厝村顶何社268号,361009,5024065
厦门市思明区前埔村办幼儿园,民办幼儿园,思明区教育局,厦门市思明区前埔小学内莲前东路1183号,361009,5913005
厦门市思明区爱贝英语幼儿园,民办幼儿园,思明区教育局,厦门市思明区嘉莲里13号,361009,5533766
厦门市思明区蓝天幼儿园,民办幼儿园,思明区教育局,厦门市思明区洪莲西里61号,361008,5026808
厦门市思明区浦南幼儿园,民办幼儿园,思明区教育局,厦门市思明区浦南一组九号,361004,5989723
厦门市思明区美仁新村幼儿园,民办幼儿园,思明区教育局,厦门市思明区禾祥西路178-182号,361004,2222506
厦门市思明区欣欣幼儿园,民办幼儿园,思明区教育局,厦门市思明区西林村91号,361009,5995666
厦门市思明区闽华幼儿园,民办幼儿园,思明区教育局,厦门市思明区前埔村1号,361008,5915987
厦门市思明区岭兜务本幼儿园,民办幼儿园,思明区教育局,厦门市思明区吕岭路1706号,361009,5935559
厦门市思明区树人幼儿园,民办幼儿园,思明区教育局,厦门市万寿路8号三楼301,361004,2037718
厦门市思明区甜甜幼儿园,民办幼儿园,思明区教育局,厦门市思明区华新路9号,361003,2024933
厦门市思明区禾祥幼儿园,民办幼儿园,思明区教育局,厦门市思明区禾祥西二路35号华侨海景城新加坡楼一二楼,361001,2285988
厦门市思明区毅南幼儿园,民办幼儿园,思明区教育局,厦门市思明区松柏屿后北里209号,361000,5121849
厦门市思明区龙山居幼儿园,民办幼儿园,思明区教育局,厦门市思明区前埔北区二里159号之17,361004,5927483
厦门市思明区丛苗幼儿园,民办幼儿园,思明区教育局,厦门市思明区莲前街道前埔北区二里151号之一,361009,5023006
厦门市思明区启明星幼儿园,民办幼儿园,思明区教育局,厦门市思明区禾祥东路7号B座底层,361004,5171832
厦门市思明区群意幼儿园,民办幼儿园,思明区教育局,厦门市思明区洪文泥窟社南片区1号,361008,5028980
厦门市思明区迪斯耐双语幼儿园,民办幼儿园,思明区教育局,厦门市思明区前埔五里128号,361003,5916700
厦门市思明区育华幼儿园,民办幼儿园,思明区教育局,厦门市思明区华新路12号,361004,2059728
厦门市思明区育德幼儿园,民办幼儿园,思明区教育局,厦门市思明区华新路37号,361003,2029786
厦门市思明区蓓蕾幼儿园,民办幼儿园,思明区教育局,厦门市思明区东浦路98号之12,361005,5982215
厦门市思明区东坪山庄乐苗幼儿园,民办幼儿园,思明区教育局,厦门市思明区东坪山路39号,361004,5882938
厦门市思明区前埔和心幼儿园,民办幼儿园,思明区教育局,厦门市思明区前埔村286号,361009,5022908
厦门市思明区前埔汇育幼儿园,民办幼儿园,思明区教育局,厦门市思明区前埔村前景城,361009,5932811
厦门市思明区贝贝幼儿园,民办幼儿园,思明区教育局,厦门市思明区洪文石村,361009,5968707
厦门市思明区快乐宝贝幼儿园,民办幼儿园,思明区教育局,厦门市思明区前浦村387号,361005,5928969
厦门市思明区阳光宝贝幼儿园,民办幼儿园,思明区教育局,厦门市思明区文园路86之1,361004,2055883
厦门市思明区馨香幼儿园,民办幼儿园,思明区教育局,厦门市思明区仙岳路548号,361004,5995508
厦门市思明区彩虹幼儿园,民办幼儿园,思明区教育局,厦门市思明区何厝顶何37号,361009,5025035
厦门市思明区晨星幼儿园,民办幼儿园,思明区教育局,厦门市思明区岳阳小区管理处旁,361012,5428289
厦门市思明区万寿幼儿园,民办幼儿园,思明区教育局,厦门市思明区文屏路15号,361000,5809472
厦门市思明区大拇指幼儿园,民办幼儿园,思明区教育局,浦南一路18-20号,361004,5197138
厦门市思明区小世界幼儿园,民办幼儿园,思明区教育局,厦门市思明区龙伏里2号,361000,5591296
厦门市思明区真音幼儿园,民办幼儿园,思明区教育局,厦门市思明区莲前西路503号之338、39,361009,5999226
厦门市思明区博艺托儿所,民办幼儿园,思明区教育局,厦门市思明区东坪二里331-333号,361004,5938523
厦门市思明区禹洲幼儿园,民办幼儿园,思明区教育局,厦门市思明区盘龙路8号,361004,5986165
厦门市思明区贝乐园托儿所,民办幼儿园,思明区教育局,厦门市前埔南区古兴里5号106室,361004,5918548
厦门市思明区晨阳幼儿园,民办幼儿园,思明区教育局,厦门市思明区洪文村泥窟社北片区19号,361009,5967208
厦门市思明区宇航托儿所,民办幼儿园,思明区教育局,厦门市思明区莲前西路322号之七,361000,8869891
厦门市思明区怡富童心幼儿园,民办幼儿园,思明区教育局,厦门市思明区莲前西路260号,361008,5192591
厦门市万芳大地美语幼儿园,民办幼儿园,思明区教育局,厦门市思明区厦禾路875号之五,361004,5817388
厦门市思明区童星幼儿园,民办幼儿园,思明区教育局,厦门市思明区前埔村231号,361001,5025287
厦门市思明区海关幼儿园,民办幼儿园,思明区教育局,厦门市思明区莲花新村凌香里25号,361004,5553533
厦门市思明区龙山小金星幼儿园,民办幼儿园,思明区教育局,厦门市思明区莲前西路359—361号,361000,5939318
厦门侨福城小金星幼儿园,民办幼儿园,思明区教育局,厦门市莲前东路侨福城侨文里32号,361008,5963289
厦门市思明区鹭江新城幼儿园,民办幼儿园,思明区教育局,厦门市思明区莲花三村莲秀里126号,361009,5530408
厦门市思明区仙岳汇育幼儿园,民办幼儿园,思明区教育局,厦门市思明区仙岳路仙岳里36号,361009,5060699
厦门市思明区康桥双语幼儿园,民办幼儿园,思明区教育局,厦门市凤屿路113号,361004,5889456
厦门市思明区艾迪儿双语艺术幼儿,民办幼儿园,思明区教育局,厦门市思明区文屏路文屏一里24号,361000,5858180
厦门市思明区晨晖幼儿园,民办幼儿园,思明区教育局,厦门市思明区洪文村泥窟社吕岭路万科边,361009,5027989
厦门市思明区嘉裕英语幼儿园,民办幼儿园,思明区教育局,厦门思明区东浦一里55号,361004,5199718
厦门市爱绿双语幼儿园,民办幼儿园,思明区教育局,厦门市思明区体育路九十号之一,361012,5058331
厦门市思明区槟榔幼儿园,民办幼儿园,思明区教育局,厦门市思明区槟榔西里55号,361004,5361362
厦门市思明区鸿图嘉裕英语幼儿园,民办幼儿园,思明区教育局,厦门市思明区思明南路285号,361000,2021577
厦门市思明区翡翠城小金星幼儿园,民办幼儿园,思明区教育局,厦门市思明区东浦一里68号翡翠城小区内,361004,8265386
厦门市金域蓝湾嘉裕英语幼儿园,民办幼儿园,思明区教育局,厦门市思明区洪莲东二里六号,361005,5963565
厦门市思明区源昌蓝星双语幼儿园,民办幼儿园,思明区教育局,厦门市思明区湖东路208号,361007,5066156
厦门市贻林幼儿园,民办幼儿园,思明区教育局,厦门市湖滨北路武夷花园内,361012,5093485